variable,count,missing,missing_pct,mean,median,mode,min,p25,p50,p75,max,coef_var_pct,skew,kurtosis,metodo_sugerido_global
precio,8750,0,0.0,7637903.438857143,5147000.0,7500000.0,5000.0,2755911.0,5147000.0,9500000.0,59368000.0,103.8193913381945,1.960291293504981,4.323692372650444,mediana_IQR
area_m2,8750,0,0.0,231.32537142857143,146.0,60.0,30.0,85.0,146.0,290.0,2013.0,100.99038038687613,2.700946494913421,10.129156805832652,mediana_IQR
PxM2,8750,0,0.0,36395.23365794307,34973.77633839754,25000.0,72.09302325581395,20247.412008281575,34973.77633839754,53039.79737489746,150000.0,65.62155205016451,0.3926109068734813,0.053425639941661274,media_desv
