variable,lower,upper,outliers,ratio
precio,-6700000.0,21300000.0,656,0.09969604863221884
area_m2,-230.0,618.0,329,0.05
PxM2,-11579.750431270644,99583.06729371617,90,0.013677811550151976
