metric,value
total_propiedades,7593.0
precio_promedio,7077459.25786909
precio_mediana,5400000.0
pxm2_promedio,39320.6297428263
pxm2_mediana,35864.97890295359
superficie_promedio,205.64059001712104
