metric,value
total_propiedades,1155.0
precio_promedio,30387.711688311687
precio_mediana,25000.0
pxm2_promedio,260.97029857525666
pxm2_mediana,258.62068965517244
superficie_promedio,128.38095238095238
