Periodo,Ciudad,Operacion,Tipo,Colonia,n,precio_min,precio_mean,precio_max,area_m2_min,area_m2_mean,area_m2_max,PxM2_min,PxM2_mean,PxM2_max
Sep25,Gdl,Ren,CasC,Colinas de San Javier,2,25000.0,57500.0,90000.0,151.0,325.5,500.0,165.5629139,172.78145695,180.0
Sep25,Gdl,Ren,CasC,Country Club,1,130000.0,130000.0,130000.0,480.0,480.0,480.0,270.8333333,270.8333333,270.8333333
Sep25,Gdl,Ren,CasC,La Esperanza (La Federacha),1,14000.0,14000.0,14000.0,135.0,135.0,135.0,103.7037037,103.7037037,103.7037037
Sep25,Gdl,Ren,CasC,Lomas de Guevara,1,40000.0,40000.0,40000.0,325.0,325.0,325.0,123.0769231,123.0769231,123.0769231
Sep25,Gdl,Ren,CasC,Providencia 3a Sección,1,17000.0,17000.0,17000.0,50.0,50.0,50.0,340.0,340.0,340.0
Sep25,Gdl,Ren,CasC,Residencial Chapalita,1,23500.0,23500.0,23500.0,133.0,133.0,133.0,176.6917293,176.6917293,176.6917293
Sep25,Gdl,Ren,CasC,Santa Rita,1,35000.0,35000.0,35000.0,156.0,156.0,156.0,224.3589744,224.3589744,224.3589744
