Periodo,Ciudad,Operacion,Tipo,Colonia,n,precio_representativo,precio_min,precio_max,precio_skew,precio_metodo,area_m2_representativo,area_m2_min,area_m2_max,area_m2_skew,area_m2_metodo,PxM2_representativo,PxM2_min,PxM2_max,PxM2_skew,PxM2_metodo
Sep25,Gdl,Ven,Terreno / Lote,Artesanos (Sagrada Familia y/o Jesús),5,5950000.0,3800000.0,19000000.0,0.5603837981534967,mediana_rango,359.0,297.0,913.0,0.5826415718946685,mediana_rango,18000.0,10857.14286,20833.33333,-1.2283627704514533,mediana_rango
Sep25,Gdl,Ven,Terreno / Lote,Chapalita,5,7680000.0,7300000.0,12950000.0,2.1600454802114535,mediana_rango,308.0,293.0,517.0,2.2018957063233033,mediana_rango,25048.3559,23548.3871,27235.49488,0.4004576383759047,mediana_rango
Sep25,Gdl,Ven,Terreno / Lote,Colinas de San Javier,10,28918200.0,19657750.0,43900000.0,0.5680926605343977,mediana_IQR,957.0,561.0,1431.0,0.5223554527914646,mediana_IQR,31148.85892,25000.0,40023.02158,0.2790660205788823,mediana_IQR
Sep25,Gdl,Ven,Terreno / Lote,Zona Centro,5,12000000.0,2500000.0,36000000.0,0.4426159697400032,mediana_rango,727.0,202.0,1561.0,1.1818925120177586,mediana_rango,23062.13965,12376.23762,38933.33333,0.965897513749871,mediana_rango
