Periodo,Ciudad,Operacion,Tipo,Colonia,n,precio_representativo,precio_min,precio_max,precio_skew,precio_metodo,area_m2_representativo,area_m2_min,area_m2_max,area_m2_skew,area_m2_metodo,PxM2_representativo,PxM2_min,PxM2_max,PxM2_skew,PxM2_metodo
Sep25,Gdl,Ven,LocC,Americana,7,12000000.0,1390000.0,30450000.0,0.7003800293675156,mediana_rango,250.0,33.0,559.0,-0.015949799393370007,mediana_rango,44722.7191413238,26452.905811623248,54569.89247311828,-1.3326710967467164,mediana_rango
Sep25,Gdl,Ven,LocC,Arcos Vallarta,7,9700000.0,2697000.0,15590000.0,-0.2400144396237275,mediana_rango,225.0,41.0,599.0,0.9169984373688475,mediana_rango,41748.578199052135,19801.5873015873,65780.48780487805,0.03281555234977145,mediana_rango
Sep25,Gdl,Ven,LocC,El Rastro,5,6982502.0,3884197.0,11790203.0,0.5105496012110842,mediana_rango,191.0,106.0,323.0,0.6014474825234598,mediana_rango,36557.60209424084,36432.23353293413,37763.47826086957,2.1291458801580356,mediana_rango
Sep25,Gdl,Ven,LocC,Ladrón de Guevara,13,4738404.0,950000.0,32000000.0,2.5272179098551373,mediana_IQR,79.0,31.0,837.0,2.7433113077846083,mediana_IQR,47244.09448818897,5792.682926829269,72579.26530612246,-0.9044823588239241,mediana_IQR
Sep25,Gdl,Ven,LocC,Obrera,9,7645750.0,3080000.0,28000000.0,1.0353332745639627,mediana_rango,212.0,45.0,789.0,0.818606832157455,mediana_rango,39821.614583333336,28782.894736842107,68444.44444444444,1.2893459591182077,mediana_rango
Sep25,Gdl,Ven,LocC,Providencia,5,9831000.0,3411072.0,21191500.0,0.20933666987105928,mediana_rango,234.0,40.0,309.0,-0.398560943123275,mediana_rango,85276.8,36836.75213675214,99303.0303030303,-0.772102806165004,mediana_rango
Sep25,Gdl,Ven,LocC,San Juan de Dios II,5,3242805.0,1617789.0,3356571.0,-2.204341845694814,mediana_rango,124.0,55.0,128.0,-2.2140073907550524,mediana_rango,27069.120967741936,25334.4140625,29414.34545454545,0.8916240973769687,mediana_rango
Sep25,Gdl,Ven,LocC,Zona Centro,13,3800000.0,1748000.0,22000000.0,0.9522208609690026,mediana_IQR,216.0,61.0,983.0,0.9694823481447281,mediana_IQR,28655.737704918032,10748.959778085991,40293.04029304029,-0.26742237685775233,mediana_IQR
