Periodo,Ciudad,Operacion,Tipo,Colonia,n,precio_min,precio_mean,precio_max,area_m2_min,area_m2_mean,area_m2_max,PxM2_min,PxM2_mean,PxM2_max
Sep25,Zap,Ven,Ofc,Desconocida,1,24990000.0,24990000.0,24990000.0,450.0,450.0,450.0,55533.333333333336,55533.333333333336,55533.333333333336
Sep25,Zap,Ven,Ofc,Jacarandas,1,9766369.0,9766369.0,9766369.0,169.0,169.0,169.0,57789.16568047337,57789.16568047337,57789.16568047337
Sep25,Zap,Ven,Ofc,Jardines Vallarta,1,9500000.0,9500000.0,9500000.0,336.0,336.0,336.0,28273.809523809523,28273.809523809523,28273.809523809523
Sep25,Zap,Ven,Ofc,Las Arboledas,5,2673000.0,2932440.0,3608100.0,38.0,42.6,55.0,65601.81818181818,69106.91049130587,70705.26315789473
Sep25,Zap,Ven,Ofc,Pinar de La Calma,1,7090000.0,7090000.0,7090000.0,353.0,353.0,353.0,20084.98583569405,20084.98583569405,20084.98583569405
Sep25,Zap,Ven,Ofc,Puerta de Hierro,6,4212866.0,15589084.333333334,29000000.0,44.0,200.83333333333334,362.0,65000.0,85365.9019044385,97513.2258064516
Sep25,Zap,Ven,Ofc,San Miguel de La Colina,1,1700000.0,1700000.0,1700000.0,170.0,170.0,170.0,10000.0,10000.0,10000.0
