Periodo,Ciudad,Operacion,Tipo,Colonia,n,precio_representativo,precio_min,precio_max,precio_skew,precio_metodo,area_m2_representativo,area_m2_min,area_m2_max,area_m2_skew,area_m2_metodo,PxM2_representativo,PxM2_min,PxM2_max,PxM2_skew,PxM2_metodo
Sep25,Zap,Ren,Cas,Ciudad Granja,6,42000.0,33000.0,43000.0,-1.9220169638906692,mediana_rango,250.0,187.0,300.0,-0.21424845322609765,mediana_rango,163.0,140.0,220.51282051282053,1.3808924677979444,mediana_rango
Sep25,Zap,Ren,Cas,El Real,5,25500.0,22000.0,26000.0,-1.243390444528599,mediana_rango,160.0,140.0,195.0,0.27847150338263343,mediana_rango,157.14285714285714,123.07692307692308,178.32167832167832,-0.2320055700904232,mediana_rango
Sep25,Zap,Ren,Cas,Puerta de Hierro,8,82500.0,60000.0,145000.0,1.7170588475052644,mediana_rango,481.5,327.0,750.0,1.4371566059034155,mediana_rango,194.16666666666666,123.45679012345678,244.64831804281343,-0.1828160774296671,mediana_rango
Sep25,Zap,Ren,Cas,Valle Imperial,8,23225.0,19800.0,35000.0,1.792625677629557,mediana_rango,190.0,135.0,350.0,1.8437683625538464,mediana_rango,110.83333333333334,100.0,177.77777777777777,1.4131151819147343,mediana_rango
Sep25,Zap,Ren,Cas,Valle Real,5,69000.0,49950.0,110000.0,0.5203941673339773,mediana_rango,450.0,400.0,604.0,1.799962088679457,mediana_rango,167.5,111.0,197.3684210526316,-1.2140794653885674,mediana_rango
