variable,q1,q3,iqr,lower,upper,outliers,ratio
precio,2755911.0,9500000.0,6744089.0,-7360222.5,19616133.5,760,0.08685714285714285
area_m2,85.0,290.0,205.0,-222.5,597.5,620,0.07085714285714285
PxM2,20247.412008281575,53039.79737489746,32792.38536661588,-28941.16604164225,102228.37542482128,55,0.006285714285714286
